geoid,name,B19301001,"B19301001, Error"
14000US06037101110,"Census Tract 1011.10, Los Angeles, CA",29457,3651
14000US06037101122,"Census Tract 1011.22, Los Angeles, CA",45515,6571
14000US06037101210,"Census Tract 1012.10, Los Angeles, CA",21726,3829
14000US06037101220,"Census Tract 1012.20, Los Angeles, CA",23545,3092
14000US06037101300,"Census Tract 1013, Los Angeles, CA",37189,3899
14000US06037101400,"Census Tract 1014, Los Angeles, CA",36046,4848
14000US06037102103,"Census Tract 1021.03, Los Angeles, CA",38758,7797
14000US06037102104,"Census Tract 1021.04, Los Angeles, CA",37471,5747
14000US06037102105,"Census Tract 1021.05, Los Angeles, CA",25704,4420
14000US06037102107,"Census Tract 1021.07, Los Angeles, CA",38146,3665
14000US06037103101,"Census Tract 1031.01, Los Angeles, CA",40951,4034
14000US06037103102,"Census Tract 1031.02, Los Angeles, CA",32448,4450
14000US06037103200,"Census Tract 1032, Los Angeles, CA",35861,6326
14000US06037103300,"Census Tract 1033, Los Angeles, CA",49967,6271
14000US06037103400,"Census Tract 1034, Los Angeles, CA",40303,4904
14000US06037104103,"Census Tract 1041.03, Los Angeles, CA",26096,3193
14000US06037104105,"Census Tract 1041.05, Los Angeles, CA",23448,6574
14000US06037104108,"Census Tract 1041.08, Los Angeles, CA",18064,1878
14000US06037104124,"Census Tract 1041.24, Los Angeles, CA",31632,5106
14000US06037104201,"Census Tract 1042.01, Los Angeles, CA",17263,3393
14000US06037104203,"Census Tract 1042.03, Los Angeles, CA",15118,1962
14000US06037104204,"Census Tract 1042.04, Los Angeles, CA",18497,2564
14000US06037104310,"Census Tract 1043.10, Los Angeles, CA",20539,5265
14000US06037104320,"Census Tract 1043.20, Los Angeles, CA",20608,3067
14000US06037104401,"Census Tract 1044.01, Los Angeles, CA",17115,1662
14000US06037104403,"Census Tract 1044.03, Los Angeles, CA",17426,1967
14000US06037104404,"Census Tract 1044.04, Los Angeles, CA",16720,2536
14000US06037104500,"Census Tract 1045, Los Angeles, CA",15928,2164
14000US06037104610,"Census Tract 1046.10, Los Angeles, CA",16624,1911
14000US06037104620,"Census Tract 1046.20, Los Angeles, CA",17305,2342
14000US06037104701,"Census Tract 1047.01, Los Angeles, CA",10180,1026
14000US06037104703,"Census Tract 1047.03, Los Angeles, CA",16420,3058
14000US06037104704,"Census Tract 1047.04, Los Angeles, CA",18770,4731
14000US06037104810,"Census Tract 1048.10, Los Angeles, CA",18085,2267
14000US06037104821,"Census Tract 1048.21, Los Angeles, CA",20431,2642
14000US06037104822,"Census Tract 1048.22, Los Angeles, CA",16420,2023
14000US06037106010,"Census Tract 1060.10, Los Angeles, CA",36025,6057
14000US06037106020,"Census Tract 1060.20, Los Angeles, CA",26574,3720
14000US06037106111,"Census Tract 1061.11, Los Angeles, CA",35550,4113
14000US06037106112,"Census Tract 1061.12, Los Angeles, CA",27887,2887
14000US06037106113,"Census Tract 1061.13, Los Angeles, CA",30614,4588
14000US06037106114,"Census Tract 1061.14, Los Angeles, CA",18210,1821
14000US06037106403,"Census Tract 1064.03, Los Angeles, CA",19481,2582
14000US06037106405,"Census Tract 1064.05, Los Angeles, CA",17714,2877
14000US06037106406,"Census Tract 1064.06, Los Angeles, CA",31435,4818
14000US06037106407,"Census Tract 1064.07, Los Angeles, CA",14603,2042
14000US06037106408,"Census Tract 1064.08, Los Angeles, CA",18930,2649
14000US06037106510,"Census Tract 1065.10, Los Angeles, CA",28423,3442
14000US06037106520,"Census Tract 1065.20, Los Angeles, CA",20350,2273
14000US06037106603,"Census Tract 1066.03, Los Angeles, CA",44950,3739
14000US06037106604,"Census Tract 1066.04, Los Angeles, CA",20166,3054
14000US06037106641,"Census Tract 1066.41, Los Angeles, CA",53733,9194
14000US06037106642,"Census Tract 1066.42, Los Angeles, CA",52992,10203
14000US06037106643,"Census Tract 1066.43, Los Angeles, CA",62422,9257
14000US06037106645,"Census Tract 1066.45, Los Angeles, CA",44402,5447
14000US06037106646,"Census Tract 1066.46, Los Angeles, CA",39473,4715
14000US06037106648,"Census Tract 1066.48, Los Angeles, CA",18892,2061
14000US06037106649,"Census Tract 1066.49, Los Angeles, CA",28614,3444
14000US06037107010,"Census Tract 1070.10, Los Angeles, CA",18836,2407
14000US06037107020,"Census Tract 1070.20, Los Angeles, CA",24651,4204
14000US06037108101,"Census Tract 1081.01, Los Angeles, CA",48036,5210
14000US06037108102,"Census Tract 1081.02, Los Angeles, CA",42952,6400
14000US06037108103,"Census Tract 1081.03, Los Angeles, CA",59605,9488
14000US06037108104,"Census Tract 1081.04, Los Angeles, CA",55586,10250
14000US06037108201,"Census Tract 1082.01, Los Angeles, CA",55798,5060
14000US06037108202,"Census Tract 1082.02, Los Angeles, CA",55131,7768
14000US06037109100,"Census Tract 1091, Los Angeles, CA",29486,6226
14000US06037109200,"Census Tract 1092, Los Angeles, CA",45366,5476
14000US06037109300,"Census Tract 1093, Los Angeles, CA",35246,4476
14000US06037109400,"Census Tract 1094, Los Angeles, CA",26220,4033
14000US06037109500,"Census Tract 1095, Los Angeles, CA",12083,1649
14000US06037109601,"Census Tract 1096.01, Los Angeles, CA",27579,3124
14000US06037109603,"Census Tract 1096.03, Los Angeles, CA",23717,4880
14000US06037109604,"Census Tract 1096.04, Los Angeles, CA",27843,2738
14000US06037109700,"Census Tract 1097, Los Angeles, CA",33387,3149
14000US06037109800,"Census Tract 1098, Los Angeles, CA",29692,3736
14000US06037111100,"Census Tract 1111, Los Angeles, CA",30435,3373
14000US06037111201,"Census Tract 1112.01, Los Angeles, CA",40742,6804
14000US06037111202,"Census Tract 1112.02, Los Angeles, CA",33736,3804
14000US06037111204,"Census Tract 1112.04, Los Angeles, CA",60649,5933
14000US06037111205,"Census Tract 1112.05, Los Angeles, CA",36479,5643
14000US06037111206,"Census Tract 1112.06, Los Angeles, CA",57546,9169
14000US06037111301,"Census Tract 1113.01, Los Angeles, CA",27762,4653
14000US06037111302,"Census Tract 1113.02, Los Angeles, CA",34967,4023
14000US06037111400,"Census Tract 1114, Los Angeles, CA",27562,3487
14000US06037113101,"Census Tract 1131.01, Los Angeles, CA",36276,4180
14000US06037113102,"Census Tract 1131.02, Los Angeles, CA",68869,11146
14000US06037113211,"Census Tract 1132.11, Los Angeles, CA",50585,5805
14000US06037113212,"Census Tract 1132.12, Los Angeles, CA",38659,5347
14000US06037113213,"Census Tract 1132.13, Los Angeles, CA",38621,4749
14000US06037113231,"Census Tract 1132.31, Los Angeles, CA",48917,7536
14000US06037113232,"Census Tract 1132.32, Los Angeles, CA",51316,7526
14000US06037113233,"Census Tract 1132.33, Los Angeles, CA",22644,2927
14000US06037113234,"Census Tract 1132.34, Los Angeles, CA",32551,12730
14000US06037113235,"Census Tract 1132.35, Los Angeles, CA",48166,12392
14000US06037113237,"Census Tract 1132.37, Los Angeles, CA",43460,6790
14000US06037113301,"Census Tract 1133.01, Los Angeles, CA",43695,5866
14000US06037113303,"Census Tract 1133.03, Los Angeles, CA",35734,4691
14000US06037113321,"Census Tract 1133.21, Los Angeles, CA",34821,4009
14000US06037113322,"Census Tract 1133.22, Los Angeles, CA",37118,3758
14000US06037113401,"Census Tract 1134.01, Los Angeles, CA",30774,3488
14000US06037113421,"Census Tract 1134.21, Los Angeles, CA",22304,1968
14000US06037113422,"Census Tract 1134.22, Los Angeles, CA",29998,3680
14000US06037115101,"Census Tract 1151.01, Los Angeles, CA",56145,7128
14000US06037115103,"Census Tract 1151.03, Los Angeles, CA",6220,1364
14000US06037115104,"Census Tract 1151.04, Los Angeles, CA",34950,5146
14000US06037115201,"Census Tract 1152.01, Los Angeles, CA",34174,5781
14000US06037115202,"Census Tract 1152.02, Los Angeles, CA",32023,2934
14000US06037115301,"Census Tract 1153.01, Los Angeles, CA",42800,7312
14000US06037115302,"Census Tract 1153.02, Los Angeles, CA",19077,1531
14000US06037115401,"Census Tract 1154.01, Los Angeles, CA",32162,4123
14000US06037115403,"Census Tract 1154.03, Los Angeles, CA",21924,2778
14000US06037115404,"Census Tract 1154.04, Los Angeles, CA",26863,4273
14000US06037117101,"Census Tract 1171.01, Los Angeles, CA",29713,3122
14000US06037117102,"Census Tract 1171.02, Los Angeles, CA",25997,3232
14000US06037117201,"Census Tract 1172.01, Los Angeles, CA",20807,3538
14000US06037117202,"Census Tract 1172.02, Los Angeles, CA",36175,5244
14000US06037117301,"Census Tract 1173.01, Los Angeles, CA",37527,5929
14000US06037117302,"Census Tract 1173.02, Los Angeles, CA",42862,4662
14000US06037117303,"Census Tract 1173.03, Los Angeles, CA",29042,2916
14000US06037117404,"Census Tract 1174.04, Los Angeles, CA",32390,4969
14000US06037117405,"Census Tract 1174.05, Los Angeles, CA",11526,1294
14000US06037117407,"Census Tract 1174.07, Los Angeles, CA",10163,1166
14000US06037117408,"Census Tract 1174.08, Los Angeles, CA",14252,2131
14000US06037117510,"Census Tract 1175.10, Los Angeles, CA",25762,14886
14000US06037117520,"Census Tract 1175.20, Los Angeles, CA",12999,1375
14000US06037117530,"Census Tract 1175.30, Los Angeles, CA",17892,1633
14000US06037119001,"Census Tract 1190.01, Los Angeles, CA",24644,3105
14000US06037119002,"Census Tract 1190.02, Los Angeles, CA",22388,1852
14000US06037119201,"Census Tract 1192.01, Los Angeles, CA",22083,2436
14000US06037119202,"Census Tract 1192.02, Los Angeles, CA",18301,2660
14000US06037119310,"Census Tract 1193.10, Los Angeles, CA",21099,2750
14000US06037119320,"Census Tract 1193.20, Los Angeles, CA",19998,2225
14000US06037119340,"Census Tract 1193.40, Los Angeles, CA",10718,2155
14000US06037119341,"Census Tract 1193.41, Los Angeles, CA",20926,2195
14000US06037119342,"Census Tract 1193.42, Los Angeles, CA",18292,1965
14000US06037119400,"Census Tract 1194, Los Angeles, CA",24525,4337
14000US06037119700,"Census Tract 1197, Los Angeles, CA",24752,2559
14000US06037119800,"Census Tract 1198, Los Angeles, CA",23809,2148
14000US06037119900,"Census Tract 1199, Los Angeles, CA",23517,2484
14000US06037120010,"Census Tract 1200.10, Los Angeles, CA",21363,2564
14000US06037120020,"Census Tract 1200.20, Los Angeles, CA",14815,2282
14000US06037120030,"Census Tract 1200.30, Los Angeles, CA",13224,1648
14000US06037120103,"Census Tract 1201.03, Los Angeles, CA",10708,1571
14000US06037120104,"Census Tract 1201.04, Los Angeles, CA",18353,2036
14000US06037120105,"Census Tract 1201.05, Los Angeles, CA",16855,1742
14000US06037120106,"Census Tract 1201.06, Los Angeles, CA",14517,2288
14000US06037120107,"Census Tract 1201.07, Los Angeles, CA",13868,3203
14000US06037120108,"Census Tract 1201.08, Los Angeles, CA",17161,2507
14000US06037120300,"Census Tract 1203, Los Angeles, CA",21790,2610
14000US06037120400,"Census Tract 1204, Los Angeles, CA",21684,3062
14000US06037121010,"Census Tract 1210.10, Los Angeles, CA",24717,4760
14000US06037121020,"Census Tract 1210.20, Los Angeles, CA",26474,4549
14000US06037121101,"Census Tract 1211.01, Los Angeles, CA",24846,3390
14000US06037121102,"Census Tract 1211.02, Los Angeles, CA",25515,3900
14000US06037121210,"Census Tract 1212.10, Los Angeles, CA",21573,2296
14000US06037121221,"Census Tract 1212.21, Los Angeles, CA",21782,3405
14000US06037121222,"Census Tract 1212.22, Los Angeles, CA",15949,2116
14000US06037121600,"Census Tract 1216, Los Angeles, CA",34666,6199
14000US06037121801,"Census Tract 1218.01, Los Angeles, CA",18760,2337
14000US06037121802,"Census Tract 1218.02, Los Angeles, CA",18271,2468
14000US06037121900,"Census Tract 1219, Los Angeles, CA",19797,4193
14000US06037122000,"Census Tract 1220, Los Angeles, CA",30855,8138
14000US06037122120,"Census Tract 1221.20, Los Angeles, CA",18595,2859
14000US06037122121,"Census Tract 1221.21, Los Angeles, CA",17394,1900
14000US06037122122,"Census Tract 1221.22, Los Angeles, CA",14388,1928
14000US06037122200,"Census Tract 1222, Los Angeles, CA",19078,1721
14000US06037122410,"Census Tract 1224.10, Los Angeles, CA",18384,2701
14000US06037122420,"Census Tract 1224.20, Los Angeles, CA",22807,4652
14000US06037123010,"Census Tract 1230.10, Los Angeles, CA",15332,2028
14000US06037123020,"Census Tract 1230.20, Los Angeles, CA",19110,3001
14000US06037123103,"Census Tract 1231.03, Los Angeles, CA",28280,3981
14000US06037123104,"Census Tract 1231.04, Los Angeles, CA",23344,3071
14000US06037123203,"Census Tract 1232.03, Los Angeles, CA",16457,2125
14000US06037123204,"Census Tract 1232.04, Los Angeles, CA",18073,2662
14000US06037123205,"Census Tract 1232.05, Los Angeles, CA",19396,2054
14000US06037123206,"Census Tract 1232.06, Los Angeles, CA",20840,3636
14000US06037123301,"Census Tract 1233.01, Los Angeles, CA",29627,5796
14000US06037123303,"Census Tract 1233.03, Los Angeles, CA",21679,3161
14000US06037123304,"Census Tract 1233.04, Los Angeles, CA",21212,2794
14000US06037123410,"Census Tract 1234.10, Los Angeles, CA",23527,4963
14000US06037123420,"Census Tract 1234.20, Los Angeles, CA",22055,2872
14000US06037123510,"Census Tract 1235.10, Los Angeles, CA",22132,2878
14000US06037123520,"Census Tract 1235.20, Los Angeles, CA",21301,3263
14000US06037123601,"Census Tract 1236.01, Los Angeles, CA",32713,5101
14000US06037123602,"Census Tract 1236.02, Los Angeles, CA",33087,4122
14000US06037123700,"Census Tract 1237, Los Angeles, CA",27188,3762
14000US06037123800,"Census Tract 1238, Los Angeles, CA",39500,6372
14000US06037123901,"Census Tract 1239.01, Los Angeles, CA",28390,4115
14000US06037123902,"Census Tract 1239.02, Los Angeles, CA",33325,4954
14000US06037124000,"Census Tract 1240, Los Angeles, CA",47012,6335
14000US06037124102,"Census Tract 1241.02, Los Angeles, CA",29108,3966
14000US06037124103,"Census Tract 1241.03, Los Angeles, CA",19402,3752
14000US06037124104,"Census Tract 1241.04, Los Angeles, CA",22443,2759
14000US06037124105,"Census Tract 1241.05, Los Angeles, CA",24397,2854
14000US06037124201,"Census Tract 1242.01, Los Angeles, CA",26860,3708
14000US06037124203,"Census Tract 1242.03, Los Angeles, CA",23541,3433
14000US06037124204,"Census Tract 1242.04, Los Angeles, CA",24590,5052
14000US06037124300,"Census Tract 1243, Los Angeles, CA",23776,4808
14000US06037124400,"Census Tract 1244, Los Angeles, CA",40901,4887
14000US06037124500,"Census Tract 1245, Los Angeles, CA",54059,12383
14000US06037124600,"Census Tract 1246, Los Angeles, CA",46742,7110
14000US06037124700,"Census Tract 1247, Los Angeles, CA",60092,8984
14000US06037124902,"Census Tract 1249.02, Los Angeles, CA",28229,3436
14000US06037124903,"Census Tract 1249.03, Los Angeles, CA",34957,4726
14000US06037125100,"Census Tract 1251, Los Angeles, CA",47583,5824
14000US06037125200,"Census Tract 1252, Los Angeles, CA",41069,5629
14000US06037125310,"Census Tract 1253.10, Los Angeles, CA",39947,8484
14000US06037125320,"Census Tract 1253.20, Los Angeles, CA",32364,4496
14000US06037125401,"Census Tract 1254.01, Los Angeles, CA",38026,5198
14000US06037125402,"Census Tract 1254.02, Los Angeles, CA",44924,5198
14000US06037125501,"Census Tract 1255.01, Los Angeles, CA",38807,5899
14000US06037125502,"Census Tract 1255.02, Los Angeles, CA",44625,6504
14000US06037125600,"Census Tract 1256, Los Angeles, CA",65729,13431
14000US06037127102,"Census Tract 1271.02, Los Angeles, CA",20927,2854
14000US06037127103,"Census Tract 1271.03, Los Angeles, CA",24817,7009
14000US06037127104,"Census Tract 1271.04, Los Angeles, CA",21900,5046
14000US06037127210,"Census Tract 1272.10, Los Angeles, CA",24131,3387
14000US06037127220,"Census Tract 1272.20, Los Angeles, CA",24293,7660
14000US06037127300,"Census Tract 1273, Los Angeles, CA",30094,8029
14000US06037127400,"Census Tract 1274, Los Angeles, CA",22186,3242
14000US06037127520,"Census Tract 1275.20, Los Angeles, CA",13834,1395
14000US06037127603,"Census Tract 1276.03, Los Angeles, CA",17246,2437
14000US06037127604,"Census Tract 1276.04, Los Angeles, CA",23445,4010
14000US06037127605,"Census Tract 1276.05, Los Angeles, CA",16583,3422
14000US06037127606,"Census Tract 1276.06, Los Angeles, CA",29166,4073
14000US06037127711,"Census Tract 1277.11, Los Angeles, CA",30212,4114
14000US06037127712,"Census Tract 1277.12, Los Angeles, CA",24799,4115
14000US06037127803,"Census Tract 1278.03, Los Angeles, CA",23088,4062
14000US06037127804,"Census Tract 1278.04, Los Angeles, CA",26374,2685
14000US06037127805,"Census Tract 1278.05, Los Angeles, CA",21580,3183
14000US06037127806,"Census Tract 1278.06, Los Angeles, CA",22050,3400
14000US06037127910,"Census Tract 1279.10, Los Angeles, CA",19300,3707
14000US06037127920,"Census Tract 1279.20, Los Angeles, CA",21698,4133
14000US06037128101,"Census Tract 1281.01, Los Angeles, CA",28670,3697
14000US06037128102,"Census Tract 1281.02, Los Angeles, CA",18737,2170
14000US06037128210,"Census Tract 1282.10, Los Angeles, CA",14930,1861
14000US06037128220,"Census Tract 1282.20, Los Angeles, CA",28513,4879
14000US06037128302,"Census Tract 1283.02, Los Angeles, CA",17254,1981
14000US06037128303,"Census Tract 1283.03, Los Angeles, CA",13809,1654
14000US06037128400,"Census Tract 1284, Los Angeles, CA",40583,5288
14000US06037128500,"Census Tract 1285, Los Angeles, CA",45167,5013
14000US06037128601,"Census Tract 1286.01, Los Angeles, CA",29580,4010
14000US06037128602,"Census Tract 1286.02, Los Angeles, CA",48977,6956
14000US06037128702,"Census Tract 1287.02, Los Angeles, CA",54352,7320
14000US06037128801,"Census Tract 1288.01, Los Angeles, CA",42143,5962
14000US06037128802,"Census Tract 1288.02, Los Angeles, CA",59201,8197
14000US06037128910,"Census Tract 1289.10, Los Angeles, CA",57498,7314
14000US06037131010,"Census Tract 1310.10, Los Angeles, CA",22920,2749
14000US06037131020,"Census Tract 1310.20, Los Angeles, CA",24827,4385
14000US06037131100,"Census Tract 1311, Los Angeles, CA",36627,5101
14000US06037131200,"Census Tract 1312, Los Angeles, CA",37917,4204
14000US06037131300,"Census Tract 1313, Los Angeles, CA",23485,2230
14000US06037131400,"Census Tract 1314, Los Angeles, CA",26378,2857
14000US06037131600,"Census Tract 1316, Los Angeles, CA",27774,3461
14000US06037131701,"Census Tract 1317.01, Los Angeles, CA",28594,3361
14000US06037131702,"Census Tract 1317.02, Los Angeles, CA",27596,4299
14000US06037131800,"Census Tract 1318, Los Angeles, CA",22332,2815
14000US06037131900,"Census Tract 1319, Los Angeles, CA",32440,3240
14000US06037132001,"Census Tract 1320.01, Los Angeles, CA",36925,3941
14000US06037132002,"Census Tract 1320.02, Los Angeles, CA",36779,5026
14000US06037132101,"Census Tract 1321.01, Los Angeles, CA",34482,7692
14000US06037132102,"Census Tract 1321.02, Los Angeles, CA",29206,3604
14000US06037132300,"Census Tract 1323, Los Angeles, CA",25764,4498
14000US06037132501,"Census Tract 1325.01, Los Angeles, CA",22968,3636
14000US06037132502,"Census Tract 1325.02, Los Angeles, CA",25710,5505
14000US06037132700,"Census Tract 1327, Los Angeles, CA",33801,7217
14000US06037132900,"Census Tract 1329, Los Angeles, CA",43214,9086
14000US06037133000,"Census Tract 1330, Los Angeles, CA",25001,3123
14000US06037133100,"Census Tract 1331, Los Angeles, CA",31499,3228
14000US06037134001,"Census Tract 1340.01, Los Angeles, CA",19398,1938
14000US06037134002,"Census Tract 1340.02, Los Angeles, CA",25511,3808
14000US06037134101,"Census Tract 1341.01, Los Angeles, CA",25033,4229
14000US06037134103,"Census Tract 1341.03, Los Angeles, CA",28298,3365
14000US06037134104,"Census Tract 1341.04, Los Angeles, CA",27288,3985
14000US06037134201,"Census Tract 1342.01, Los Angeles, CA",29165,3653
14000US06037134302,"Census Tract 1343.02, Los Angeles, CA",35221,3551
14000US06037134303,"Census Tract 1343.03, Los Angeles, CA",38345,7308
14000US06037134304,"Census Tract 1343.04, Los Angeles, CA",28468,2911
14000US06037134305,"Census Tract 1343.05, Los Angeles, CA",12816,1715
14000US06037134306,"Census Tract 1343.06, Los Angeles, CA",25771,3216
14000US06037134421,"Census Tract 1344.21, Los Angeles, CA",56797,7410
14000US06037134422,"Census Tract 1344.22, Los Angeles, CA",47510,5075
14000US06037134423,"Census Tract 1344.23, Los Angeles, CA",45677,5122
14000US06037134424,"Census Tract 1344.24, Los Angeles, CA",62195,9497
14000US06037134520,"Census Tract 1345.20, Los Angeles, CA",19438,2119
14000US06037134521,"Census Tract 1345.21, Los Angeles, CA",16921,2423
14000US06037134522,"Census Tract 1345.22, Los Angeles, CA",18321,2792
14000US06037134710,"Census Tract 1347.10, Los Angeles, CA",20094,3634
14000US06037134720,"Census Tract 1347.20, Los Angeles, CA",29521,5073
14000US06037134800,"Census Tract 1348, Los Angeles, CA",29456,2664
14000US06037134901,"Census Tract 1349.01, Los Angeles, CA",38458,6391
14000US06037134903,"Census Tract 1349.03, Los Angeles, CA",34318,5763
14000US06037134904,"Census Tract 1349.04, Los Angeles, CA",27610,4847
14000US06037134905,"Census Tract 1349.05, Los Angeles, CA",56930,8097
14000US06037135102,"Census Tract 1351.02, Los Angeles, CA",50006,6886
14000US06037135111,"Census Tract 1351.11, Los Angeles, CA",41304,4333
14000US06037135113,"Census Tract 1351.13, Los Angeles, CA",43381,6847
14000US06037135114,"Census Tract 1351.14, Los Angeles, CA",45508,9963
14000US06037135201,"Census Tract 1352.01, Los Angeles, CA",41479,4674
14000US06037135202,"Census Tract 1352.02, Los Angeles, CA",39386,3777
14000US06037135203,"Census Tract 1352.03, Los Angeles, CA",48163,5603
14000US06037137000,"Census Tract 1370, Los Angeles, CA",59017,7205
14000US06037137103,"Census Tract 1371.03, Los Angeles, CA",52469,8134
14000US06037137104,"Census Tract 1371.04, Los Angeles, CA",51527,9610
14000US06037137201,"Census Tract 1372.01, Los Angeles, CA",44435,8452
14000US06037137301,"Census Tract 1373.01, Los Angeles, CA",64840,11161
14000US06037137302,"Census Tract 1373.02, Los Angeles, CA",65093,6705
14000US06037137401,"Census Tract 1374.01, Los Angeles, CA",60776,6889
14000US06037137402,"Census Tract 1374.02, Los Angeles, CA",59470,11228
14000US06037137501,"Census Tract 1375.01, Los Angeles, CA",55303,11334
14000US06037137502,"Census Tract 1375.02, Los Angeles, CA",59699,8422
14000US06037137504,"Census Tract 1375.04, Los Angeles, CA",80400,15678
14000US06037138000,"Census Tract 1380, Los Angeles, CA",56106,7078
14000US06037139001,"Census Tract 1390.01, Los Angeles, CA",40018,5010
14000US06037139200,"Census Tract 1392, Los Angeles, CA",35809,4588
14000US06037139301,"Census Tract 1393.01, Los Angeles, CA",57625,8440
14000US06037139302,"Census Tract 1393.02, Los Angeles, CA",24632,3410
14000US06037139303,"Census Tract 1393.03, Los Angeles, CA",49974,18652
14000US06037139401,"Census Tract 1394.01, Los Angeles, CA",41019,8556
14000US06037139402,"Census Tract 1394.02, Los Angeles, CA",66383,12157
14000US06037139502,"Census Tract 1395.02, Los Angeles, CA",47691,9297
14000US06037139503,"Census Tract 1395.03, Los Angeles, CA",32573,4125
14000US06037139504,"Census Tract 1395.04, Los Angeles, CA",35180,4977
14000US06037139600,"Census Tract 1396, Los Angeles, CA",62582,10478
14000US06037139701,"Census Tract 1397.01, Los Angeles, CA",73216,10638
14000US06037139702,"Census Tract 1397.02, Los Angeles, CA",99800,20914
14000US06037139703,"Census Tract 1397.03, Los Angeles, CA",68123,12310
14000US06037139801,"Census Tract 1398.01, Los Angeles, CA",73336,11004
14000US06037139802,"Census Tract 1398.02, Los Angeles, CA",77336,12784
14000US06037141101,"Census Tract 1411.01, Los Angeles, CA",48427,8603
14000US06037141102,"Census Tract 1411.02, Los Angeles, CA",69841,14922
14000US06037141201,"Census Tract 1412.01, Los Angeles, CA",51425,6320
14000US06037141202,"Census Tract 1412.02, Los Angeles, CA",78186,12030
14000US06037141302,"Census Tract 1413.02, Los Angeles, CA",73942,11377
14000US06037141303,"Census Tract 1413.03, Los Angeles, CA",57325,10797
14000US06037141304,"Census Tract 1413.04, Los Angeles, CA",64727,10381
14000US06037141400,"Census Tract 1414, Los Angeles, CA",66283,7691
14000US06037141500,"Census Tract 1415, Los Angeles, CA",124593,20048
14000US06037141600,"Census Tract 1416, Los Angeles, CA",97611,11678
14000US06037141700,"Census Tract 1417, Los Angeles, CA",136222,17876
14000US06037143100,"Census Tract 1431, Los Angeles, CA",79084,11406
14000US06037143200,"Census Tract 1432, Los Angeles, CA",48384,5633
14000US06037143300,"Census Tract 1433, Los Angeles, CA",60043,8414
14000US06037143400,"Census Tract 1434, Los Angeles, CA",68227,9774
14000US06037143500,"Census Tract 1435, Los Angeles, CA",57905,7530
14000US06037143602,"Census Tract 1436.02, Los Angeles, CA",81380,13744
14000US06037143603,"Census Tract 1436.03, Los Angeles, CA",59020,5961
14000US06037143604,"Census Tract 1436.04, Los Angeles, CA",52583,5761
14000US06037143700,"Census Tract 1437, Los Angeles, CA",105592,17185
14000US06037143800,"Census Tract 1438, Los Angeles, CA",86809,10840
14000US06037143901,"Census Tract 1439.01, Los Angeles, CA",118745,30326
14000US06037143902,"Census Tract 1439.02, Los Angeles, CA",105444,19829
14000US06037181000,"Census Tract 1810, Los Angeles, CA",50584,8137
14000US06037181300,"Census Tract 1813, Los Angeles, CA",45493,5845
14000US06037181400,"Census Tract 1814, Los Angeles, CA",34269,3982
14000US06037181500,"Census Tract 1815, Los Angeles, CA",48169,9103
14000US06037181600,"Census Tract 1816, Los Angeles, CA",26014,3243
14000US06037183101,"Census Tract 1831.01, Los Angeles, CA",38338,5404
14000US06037183103,"Census Tract 1831.03, Los Angeles, CA",27004,2760
14000US06037183104,"Census Tract 1831.04, Los Angeles, CA",38442,5160
14000US06037183220,"Census Tract 1832.20, Los Angeles, CA",26861,3617
14000US06037183221,"Census Tract 1832.21, Los Angeles, CA",28211,5117
14000US06037183222,"Census Tract 1832.22, Los Angeles, CA",53787,15192
14000US06037183300,"Census Tract 1833, Los Angeles, CA",28525,4263
14000US06037183401,"Census Tract 1834.01, Los Angeles, CA",28002,4389
14000US06037183402,"Census Tract 1834.02, Los Angeles, CA",31193,4807
14000US06037183510,"Census Tract 1835.10, Los Angeles, CA",34305,4876
14000US06037183520,"Census Tract 1835.20, Los Angeles, CA",24040,3652
14000US06037183610,"Census Tract 1836.10, Los Angeles, CA",22451,2112
14000US06037183620,"Census Tract 1836.20, Los Angeles, CA",27003,3490
14000US06037183701,"Census Tract 1837.01, Los Angeles, CA",28120,3584
14000US06037183702,"Census Tract 1837.02, Los Angeles, CA",33997,5519
14000US06037183810,"Census Tract 1838.10, Los Angeles, CA",21558,2484
14000US06037183820,"Census Tract 1838.20, Los Angeles, CA",20839,3378
14000US06037185100,"Census Tract 1851, Los Angeles, CA",49665,5943
14000US06037185202,"Census Tract 1852.02, Los Angeles, CA",40902,6934
14000US06037185203,"Census Tract 1852.03, Los Angeles, CA",24658,3352
14000US06037185204,"Census Tract 1852.04, Los Angeles, CA",52571,14673
14000US06037185310,"Census Tract 1853.10, Los Angeles, CA",21521,1990
14000US06037185320,"Census Tract 1853.20, Los Angeles, CA",17145,2253
14000US06037186100,"Census Tract 1861, Los Angeles, CA",45755,4759
14000US06037186201,"Census Tract 1862.01, Los Angeles, CA",26572,3425
14000US06037186202,"Census Tract 1862.02, Los Angeles, CA",43204,10004
14000US06037186203,"Census Tract 1862.03, Los Angeles, CA",49279,10346
14000US06037186301,"Census Tract 1863.01, Los Angeles, CA",23653,3353
14000US06037186302,"Census Tract 1863.02, Los Angeles, CA",37107,4172
14000US06037186401,"Census Tract 1864.01, Los Angeles, CA",17127,2412
14000US06037186403,"Census Tract 1864.03, Los Angeles, CA",29232,4966
14000US06037186404,"Census Tract 1864.04, Los Angeles, CA",28443,5549
14000US06037187101,"Census Tract 1871.01, Los Angeles, CA",35290,6416
14000US06037187102,"Census Tract 1871.02, Los Angeles, CA",33975,5001
14000US06037187200,"Census Tract 1872, Los Angeles, CA",27916,3573
14000US06037187300,"Census Tract 1873, Los Angeles, CA",67790,7453
14000US06037188100,"Census Tract 1881, Los Angeles, CA",41496,6607
14000US06037188201,"Census Tract 1882.01, Los Angeles, CA",59165,8617
14000US06037188202,"Census Tract 1882.02, Los Angeles, CA",90560,13313
14000US06037188300,"Census Tract 1883, Los Angeles, CA",51537,9664
14000US06037189101,"Census Tract 1891.01, Los Angeles, CA",53136,6455
14000US06037189102,"Census Tract 1891.02, Los Angeles, CA",77917,14104
14000US06037189201,"Census Tract 1892.01, Los Angeles, CA",37131,3791
14000US06037189202,"Census Tract 1892.02, Los Angeles, CA",91241,20392
14000US06037189300,"Census Tract 1893, Los Angeles, CA",117299,18617
14000US06037189400,"Census Tract 1894, Los Angeles, CA",122441,15045
14000US06037189500,"Census Tract 1895, Los Angeles, CA",48401,8581
14000US06037189600,"Census Tract 1896, Los Angeles, CA",64564,10817
14000US06037189701,"Census Tract 1897.01, Los Angeles, CA",83762,16396
14000US06037189702,"Census Tract 1897.02, Los Angeles, CA",101026,20335
14000US06037189800,"Census Tract 1898, Los Angeles, CA",71620,14704
14000US06037189902,"Census Tract 1899.02, Los Angeles, CA",49076,7528
14000US06037189903,"Census Tract 1899.03, Los Angeles, CA",66909,10580
14000US06037189904,"Census Tract 1899.04, Los Angeles, CA",44384,5640
14000US06037189905,"Census Tract 1899.05, Los Angeles, CA",61448,10063
14000US06037190100,"Census Tract 1901, Los Angeles, CA",40354,5757
14000US06037190201,"Census Tract 1902.01, Los Angeles, CA",24942,4303
14000US06037190202,"Census Tract 1902.02, Los Angeles, CA",34123,4894
14000US06037190301,"Census Tract 1903.01, Los Angeles, CA",39700,5684
14000US06037190401,"Census Tract 1904.01, Los Angeles, CA",36864,5182
14000US06037190402,"Census Tract 1904.02, Los Angeles, CA",31588,4352
14000US06037190510,"Census Tract 1905.10, Los Angeles, CA",24923,2716
14000US06037190520,"Census Tract 1905.20, Los Angeles, CA",23873,3750
14000US06037190700,"Census Tract 1907, Los Angeles, CA",49293,10035
14000US06037190801,"Census Tract 1908.01, Los Angeles, CA",26961,4793
14000US06037190802,"Census Tract 1908.02, Los Angeles, CA",28800,5862
14000US06037190901,"Census Tract 1909.01, Los Angeles, CA",18894,2802
14000US06037190902,"Census Tract 1909.02, Los Angeles, CA",24360,2918
14000US06037191000,"Census Tract 1910, Los Angeles, CA",52883,10692
14000US06037191110,"Census Tract 1911.10, Los Angeles, CA",24346,8588
14000US06037191120,"Census Tract 1911.20, Los Angeles, CA",24280,5110
14000US06037191201,"Census Tract 1912.01, Los Angeles, CA",26881,3010
14000US06037191203,"Census Tract 1912.03, Los Angeles, CA",20221,3837
14000US06037191204,"Census Tract 1912.04, Los Angeles, CA",24014,3094
14000US06037191301,"Census Tract 1913.01, Los Angeles, CA",25922,3296
14000US06037191302,"Census Tract 1913.02, Los Angeles, CA",29935,4112
14000US06037191410,"Census Tract 1914.10, Los Angeles, CA",22469,3222
14000US06037191420,"Census Tract 1914.20, Los Angeles, CA",28519,4633
14000US06037191500,"Census Tract 1915, Los Angeles, CA",24563,3355
14000US06037191610,"Census Tract 1916.10, Los Angeles, CA",23463,4814
14000US06037191620,"Census Tract 1916.20, Los Angeles, CA",17375,2137
14000US06037191710,"Census Tract 1917.10, Los Angeles, CA",18518,2179
14000US06037191720,"Census Tract 1917.20, Los Angeles, CA",17808,2767
14000US06037191810,"Census Tract 1918.10, Los Angeles, CA",21541,3246
14000US06037191820,"Census Tract 1918.20, Los Angeles, CA",34206,3732
14000US06037191901,"Census Tract 1919.01, Los Angeles, CA",38957,4886
14000US06037191902,"Census Tract 1919.02, Los Angeles, CA",81718,14842
14000US06037192001,"Census Tract 1920.01, Los Angeles, CA",57498,12270
14000US06037192002,"Census Tract 1920.02, Los Angeles, CA",71917,12588
14000US06037192300,"Census Tract 1923, Los Angeles, CA",83606,11816
14000US06037192410,"Census Tract 1924.10, Los Angeles, CA",53920,7943
14000US06037192420,"Census Tract 1924.20, Los Angeles, CA",27327,5401
14000US06037192510,"Census Tract 1925.10, Los Angeles, CA",22042,3922
14000US06037192520,"Census Tract 1925.20, Los Angeles, CA",18451,2327
14000US06037192610,"Census Tract 1926.10, Los Angeles, CA",18651,2338
14000US06037192620,"Census Tract 1926.20, Los Angeles, CA",18854,2283
14000US06037192700,"Census Tract 1927, Los Angeles, CA",23373,4052
14000US06037194101,"Census Tract 1941.01, Los Angeles, CA",84534,15055
14000US06037194102,"Census Tract 1941.02, Los Angeles, CA",91765,15746
14000US06037194200,"Census Tract 1942, Los Angeles, CA",113181,21679
14000US06037194300,"Census Tract 1943, Los Angeles, CA",154165,32229
14000US06037194401,"Census Tract 1944.01, Los Angeles, CA",73282,18927
14000US06037194402,"Census Tract 1944.02, Los Angeles, CA",73698,13286
14000US06037194500,"Census Tract 1945, Los Angeles, CA",94610,15585
14000US06037195100,"Census Tract 1951, Los Angeles, CA",71799,9755
14000US06037195201,"Census Tract 1952.01, Los Angeles, CA",68605,12702
14000US06037195202,"Census Tract 1952.02, Los Angeles, CA",82883,15502
14000US06037195300,"Census Tract 1953, Los Angeles, CA",48290,7468
14000US06037195400,"Census Tract 1954, Los Angeles, CA",71903,10524
14000US06037195500,"Census Tract 1955, Los Angeles, CA",65885,14426
14000US06037195600,"Census Tract 1956, Los Angeles, CA",37883,5662
14000US06037195710,"Census Tract 1957.10, Los Angeles, CA",22011,3275
14000US06037195720,"Census Tract 1957.20, Los Angeles, CA",33360,6519
14000US06037195802,"Census Tract 1958.02, Los Angeles, CA",27095,2843
14000US06037195803,"Census Tract 1958.03, Los Angeles, CA",45763,6187
14000US06037195804,"Census Tract 1958.04, Los Angeles, CA",44345,7551
14000US06037195901,"Census Tract 1959.01, Los Angeles, CA",45906,7184
14000US06037195902,"Census Tract 1959.02, Los Angeles, CA",59496,13678
14000US06037195903,"Census Tract 1959.03, Los Angeles, CA",32852,3293
14000US06037197200,"Census Tract 1972, Los Angeles, CA",23190,3342
14000US06037197300,"Census Tract 1973, Los Angeles, CA",45019,5096
14000US06037197410,"Census Tract 1974.10, Los Angeles, CA",55587,7293
14000US06037197420,"Census Tract 1974.20, Los Angeles, CA",34717,6595
14000US06037197500,"Census Tract 1975, Los Angeles, CA",43310,5433
14000US06037197600,"Census Tract 1976, Los Angeles, CA",42182,5668
14000US06037197700,"Census Tract 1977, Los Angeles, CA",30348,4221
14000US06037199000,"Census Tract 1990, Los Angeles, CA",22593,3120
14000US06037199110,"Census Tract 1991.10, Los Angeles, CA",21888,2877
14000US06037199120,"Census Tract 1991.20, Los Angeles, CA",15935,2687
14000US06037199201,"Census Tract 1992.01, Los Angeles, CA",14583,2191
14000US06037199202,"Census Tract 1992.02, Los Angeles, CA",25779,3738
14000US06037199300,"Census Tract 1993, Los Angeles, CA",46163,9131
14000US06037199400,"Census Tract 1994, Los Angeles, CA",23701,6569
14000US06037199700,"Census Tract 1997, Los Angeles, CA",23172,3588
14000US06037199800,"Census Tract 1998, Los Angeles, CA",13772,1434
14000US06037199900,"Census Tract 1999, Los Angeles, CA",16893,1908
14000US06037201110,"Census Tract 2011.10, Los Angeles, CA",30463,3407
14000US06037201120,"Census Tract 2011.20, Los Angeles, CA",29057,4357
14000US06037201200,"Census Tract 2012, Los Angeles, CA",22212,3835
14000US06037201301,"Census Tract 2013.01, Los Angeles, CA",19735,2002
14000US06037201302,"Census Tract 2013.02, Los Angeles, CA",44498,5046
14000US06037201401,"Census Tract 2014.01, Los Angeles, CA",20414,2435
14000US06037201402,"Census Tract 2014.02, Los Angeles, CA",24736,4105
14000US06037201501,"Census Tract 2015.01, Los Angeles, CA",21876,2276
14000US06037201503,"Census Tract 2015.03, Los Angeles, CA",19077,2658
14000US06037201504,"Census Tract 2015.04, Los Angeles, CA",18567,2741
14000US06037201601,"Census Tract 2016.01, Los Angeles, CA",23184,2870
14000US06037201602,"Census Tract 2016.02, Los Angeles, CA",21260,1988
14000US06037201700,"Census Tract 2017, Los Angeles, CA",23992,3412
14000US06037203100,"Census Tract 2031, Los Angeles, CA",14069,1872
14000US06037203200,"Census Tract 2032, Los Angeles, CA",19403,3474
14000US06037203300,"Census Tract 2033, Los Angeles, CA",10296,1894
14000US06037203500,"Census Tract 2035, Los Angeles, CA",19542,3050
14000US06037203600,"Census Tract 2036, Los Angeles, CA",15580,1677
14000US06037203710,"Census Tract 2037.10, Los Angeles, CA",15790,1941
14000US06037203720,"Census Tract 2037.20, Los Angeles, CA",14526,1920
14000US06037203800,"Census Tract 2038, Los Angeles, CA",15133,2805
14000US06037203900,"Census Tract 2039, Los Angeles, CA",18892,2685
14000US06037204110,"Census Tract 2041.10, Los Angeles, CA",15716,1513
14000US06037204120,"Census Tract 2041.20, Los Angeles, CA",16316,1863
14000US06037204200,"Census Tract 2042, Los Angeles, CA",12663,1689
14000US06037204300,"Census Tract 2043, Los Angeles, CA",15505,4139
14000US06037204410,"Census Tract 2044.10, Los Angeles, CA",16478,2905
14000US06037204420,"Census Tract 2044.20, Los Angeles, CA",15880,2273
14000US06037204600,"Census Tract 2046, Los Angeles, CA",15649,2638
14000US06037204700,"Census Tract 2047, Los Angeles, CA",18574,2729
14000US06037204810,"Census Tract 2048.10, Los Angeles, CA",14780,1828
14000US06037204820,"Census Tract 2048.20, Los Angeles, CA",15459,2355
14000US06037204910,"Census Tract 2049.10, Los Angeles, CA",17605,2100
14000US06037204920,"Census Tract 2049.20, Los Angeles, CA",15485,3107
14000US06037205110,"Census Tract 2051.10, Los Angeles, CA",14371,1551
14000US06037205120,"Census Tract 2051.20, Los Angeles, CA",10866,1548
14000US06037206010,"Census Tract 2060.10, Los Angeles, CA",23190,5232
14000US06037206020,"Census Tract 2060.20, Los Angeles, CA",10405,1959
14000US06037206031,"Census Tract 2060.31, Los Angeles, CA",74229,14708
14000US06037206032,"Census Tract 2060.32, Los Angeles, CA",13703,1950
14000US06037206050,"Census Tract 2060.50, Los Angeles, CA",16327,2233
14000US06037206200,"Census Tract 2062, Los Angeles, CA",37593,10279
14000US06037206300,"Census Tract 2063, Los Angeles, CA",8508,1733
14000US06037207101,"Census Tract 2071.01, Los Angeles, CA",27845,4065
14000US06037207102,"Census Tract 2071.02, Los Angeles, CA",24578,3956
14000US06037207103,"Census Tract 2071.03, Los Angeles, CA",19764,4048
14000US06037207301,"Census Tract 2073.01, Los Angeles, CA",59298,9689
14000US06037207302,"Census Tract 2073.02, Los Angeles, CA",52695,8142
14000US06037207400,"Census Tract 2074, Los Angeles, CA",35890,17062
14000US06037207501,"Census Tract 2075.01, Los Angeles, CA",61058,12509
14000US06037207502,"Census Tract 2075.02, Los Angeles, CA",51878,8322
14000US06037207710,"Census Tract 2077.10, Los Angeles, CA",89165,9907
14000US06037207900,"Census Tract 2079, Los Angeles, CA",67722,8676
14000US06037208000,"Census Tract 2080, Los Angeles, CA",22883,5793
14000US06037208301,"Census Tract 2083.01, Los Angeles, CA",14731,2431
14000US06037208302,"Census Tract 2083.02, Los Angeles, CA",17267,2370
14000US06037208401,"Census Tract 2084.01, Los Angeles, CA",15965,2179
14000US06037208402,"Census Tract 2084.02, Los Angeles, CA",21555,3455
14000US06037208501,"Census Tract 2085.01, Los Angeles, CA",25558,2753
14000US06037208502,"Census Tract 2085.02, Los Angeles, CA",16538,1742
14000US06037208610,"Census Tract 2086.10, Los Angeles, CA",23004,2307
14000US06037208620,"Census Tract 2086.20, Los Angeles, CA",24053,2645
14000US06037208710,"Census Tract 2087.10, Los Angeles, CA",32879,4292
14000US06037208720,"Census Tract 2087.20, Los Angeles, CA",17180,2588
14000US06037208801,"Census Tract 2088.01, Los Angeles, CA",19154,3382
14000US06037208802,"Census Tract 2088.02, Los Angeles, CA",22956,3591
14000US06037208902,"Census Tract 2089.02, Los Angeles, CA",14445,2950
14000US06037208903,"Census Tract 2089.03, Los Angeles, CA",13585,1619
14000US06037208904,"Census Tract 2089.04, Los Angeles, CA",12679,1523
14000US06037209102,"Census Tract 2091.02, Los Angeles, CA",20928,6429
14000US06037209103,"Census Tract 2091.03, Los Angeles, CA",10996,1804
14000US06037209104,"Census Tract 2091.04, Los Angeles, CA",15633,1783
14000US06037209200,"Census Tract 2092, Los Angeles, CA",39589,5341
14000US06037209300,"Census Tract 2093, Los Angeles, CA",17446,2197
14000US06037209401,"Census Tract 2094.01, Los Angeles, CA",14651,1792
14000US06037209402,"Census Tract 2094.02, Los Angeles, CA",12949,1554
14000US06037209403,"Census Tract 2094.03, Los Angeles, CA",14698,1832
14000US06037209510,"Census Tract 2095.10, Los Angeles, CA",14927,1886
14000US06037209520,"Census Tract 2095.20, Los Angeles, CA",14107,1903
14000US06037209810,"Census Tract 2098.10, Los Angeles, CA",14385,1802
14000US06037209820,"Census Tract 2098.20, Los Angeles, CA",12762,2144
14000US06037210010,"Census Tract 2100.10, Los Angeles, CA",14922,2021
14000US06037211000,"Census Tract 2110, Los Angeles, CA",94573,15099
14000US06037211120,"Census Tract 2111.20, Los Angeles, CA",28829,5319
14000US06037211121,"Census Tract 2111.21, Los Angeles, CA",25144,3248
14000US06037211122,"Census Tract 2111.22, Los Angeles, CA",23796,4077
14000US06037211201,"Census Tract 2112.01, Los Angeles, CA",21232,2189
14000US06037211202,"Census Tract 2112.02, Los Angeles, CA",21370,2655
14000US06037211310,"Census Tract 2113.10, Los Angeles, CA",15960,1616
14000US06037211320,"Census Tract 2113.20, Los Angeles, CA",17557,3470
14000US06037211410,"Census Tract 2114.10, Los Angeles, CA",25852,4186
14000US06037211420,"Census Tract 2114.20, Los Angeles, CA",29000,5023
14000US06037211500,"Census Tract 2115, Los Angeles, CA",59855,9829
14000US06037211701,"Census Tract 2117.01, Los Angeles, CA",92637,25162
14000US06037211703,"Census Tract 2117.03, Los Angeles, CA",28357,4939
14000US06037211704,"Census Tract 2117.04, Los Angeles, CA",34708,4283
14000US06037211802,"Census Tract 2118.02, Los Angeles, CA",25998,3407
14000US06037211803,"Census Tract 2118.03, Los Angeles, CA",26981,3909
14000US06037211804,"Census Tract 2118.04, Los Angeles, CA",24556,4941
14000US06037211910,"Census Tract 2119.10, Los Angeles, CA",22007,3250
14000US06037211921,"Census Tract 2119.21, Los Angeles, CA",16689,2715
14000US06037211922,"Census Tract 2119.22, Los Angeles, CA",24221,2971
14000US06037212101,"Census Tract 2121.01, Los Angeles, CA",33326,7877
14000US06037212102,"Census Tract 2121.02, Los Angeles, CA",24599,6815
14000US06037212202,"Census Tract 2122.02, Los Angeles, CA",18562,2423
14000US06037212203,"Census Tract 2122.03, Los Angeles, CA",21335,2981
14000US06037212204,"Census Tract 2122.04, Los Angeles, CA",16831,2960
14000US06037212303,"Census Tract 2123.03, Los Angeles, CA",22858,3382
14000US06037212304,"Census Tract 2123.04, Los Angeles, CA",16812,2105
14000US06037212305,"Census Tract 2123.05, Los Angeles, CA",16655,1921
14000US06037212306,"Census Tract 2123.06, Los Angeles, CA",20177,2321
14000US06037212410,"Census Tract 2124.10, Los Angeles, CA",25002,5037
14000US06037212420,"Census Tract 2124.20, Los Angeles, CA",19679,2560
14000US06037212501,"Census Tract 2125.01, Los Angeles, CA",30592,5673
14000US06037212502,"Census Tract 2125.02, Los Angeles, CA",31682,4673
14000US06037212610,"Census Tract 2126.10, Los Angeles, CA",28936,3931
14000US06037212620,"Census Tract 2126.20, Los Angeles, CA",23301,2561
14000US06037212701,"Census Tract 2127.01, Los Angeles, CA",28415,4215
14000US06037212702,"Census Tract 2127.02, Los Angeles, CA",47546,7184
14000US06037212800,"Census Tract 2128, Los Angeles, CA",36570,5161
14000US06037212900,"Census Tract 2129, Los Angeles, CA",26210,3910
14000US06037213100,"Census Tract 2131, Los Angeles, CA",28140,3677
14000US06037213201,"Census Tract 2132.01, Los Angeles, CA",17424,2643
14000US06037213202,"Census Tract 2132.02, Los Angeles, CA",17991,2595
14000US06037213310,"Census Tract 2133.10, Los Angeles, CA",22825,3480
14000US06037213320,"Census Tract 2133.20, Los Angeles, CA",19402,2932
14000US06037213401,"Census Tract 2134.01, Los Angeles, CA",16406,1679
14000US06037213402,"Census Tract 2134.02, Los Angeles, CA",18437,3299
14000US06037214000,"Census Tract 2140, Los Angeles, CA",61909,10857
14000US06037214100,"Census Tract 2141, Los Angeles, CA",71422,10199
14000US06037214400,"Census Tract 2144, Los Angeles, CA",67234,10514
14000US06037214501,"Census Tract 2145.01, Los Angeles, CA",64185,9041
14000US06037214502,"Census Tract 2145.02, Los Angeles, CA",48268,11538
14000US06037214503,"Census Tract 2145.03, Los Angeles, CA",48450,7924
14000US06037214600,"Census Tract 2146, Los Angeles, CA",83419,14700
14000US06037214700,"Census Tract 2147, Los Angeles, CA",77565,13121
14000US06037214800,"Census Tract 2148, Los Angeles, CA",70953,9665
14000US06037214901,"Census Tract 2149.01, Los Angeles, CA",66857,10380
14000US06037214902,"Census Tract 2149.02, Los Angeles, CA",71849,9638
14000US06037215101,"Census Tract 2151.01, Los Angeles, CA",54823,7713
14000US06037215102,"Census Tract 2151.02, Los Angeles, CA",54631,8268
14000US06037216100,"Census Tract 2161, Los Angeles, CA",72362,12374
14000US06037216200,"Census Tract 2162, Los Angeles, CA",64847,10648
14000US06037216300,"Census Tract 2163, Los Angeles, CA",75231,10513
14000US06037216401,"Census Tract 2164.01, Los Angeles, CA",53130,12870
14000US06037216402,"Census Tract 2164.02, Los Angeles, CA",58316,12766
14000US06037216700,"Census Tract 2167, Los Angeles, CA",51289,6271
14000US06037216800,"Census Tract 2168, Los Angeles, CA",62795,8255
14000US06037216900,"Census Tract 2169, Los Angeles, CA",66720,10291
14000US06037217001,"Census Tract 2170.01, Los Angeles, CA",43530,7112
14000US06037217002,"Census Tract 2170.02, Los Angeles, CA",49620,8689
14000US06037217100,"Census Tract 2171, Los Angeles, CA",40788,9471
14000US06037217200,"Census Tract 2172, Los Angeles, CA",34832,3412
14000US06037218110,"Census Tract 2181.10, Los Angeles, CA",25456,5124
14000US06037218120,"Census Tract 2181.20, Los Angeles, CA",15983,1910
14000US06037218210,"Census Tract 2182.10, Los Angeles, CA",18564,2570
14000US06037218220,"Census Tract 2182.20, Los Angeles, CA",39164,9791
14000US06037218300,"Census Tract 2183, Los Angeles, CA",27970,4118
14000US06037218400,"Census Tract 2184, Los Angeles, CA",22740,2833
14000US06037218500,"Census Tract 2185, Los Angeles, CA",25468,3801
14000US06037218600,"Census Tract 2186, Los Angeles, CA",25367,3118
14000US06037218701,"Census Tract 2187.01, Los Angeles, CA",26720,4723
14000US06037218702,"Census Tract 2187.02, Los Angeles, CA",22193,3073
14000US06037218800,"Census Tract 2188, Los Angeles, CA",24725,2201
14000US06037218900,"Census Tract 2189, Los Angeles, CA",23236,3566
14000US06037219010,"Census Tract 2190.10, Los Angeles, CA",23781,3141
14000US06037219020,"Census Tract 2190.20, Los Angeles, CA",20478,2591
14000US06037219300,"Census Tract 2193, Los Angeles, CA",23420,5567
14000US06037219500,"Census Tract 2195, Los Angeles, CA",35358,6267
14000US06037219700,"Census Tract 2197, Los Angeles, CA",21266,2473
14000US06037219800,"Census Tract 2198, Los Angeles, CA",22154,2426
14000US06037219901,"Census Tract 2199.01, Los Angeles, CA",19062,3320
14000US06037219902,"Census Tract 2199.02, Los Angeles, CA",24558,3848
14000US06037220000,"Census Tract 2200, Los Angeles, CA",27989,5602
14000US06037220100,"Census Tract 2201, Los Angeles, CA",33618,6820
14000US06037221110,"Census Tract 2211.10, Los Angeles, CA",13924,2975
14000US06037221120,"Census Tract 2211.20, Los Angeles, CA",14613,1575
14000US06037221210,"Census Tract 2212.10, Los Angeles, CA",18419,1994
14000US06037221220,"Census Tract 2212.20, Los Angeles, CA",18551,2346
14000US06037221302,"Census Tract 2213.02, Los Angeles, CA",19801,3250
14000US06037221303,"Census Tract 2213.03, Los Angeles, CA",15605,2019
14000US06037221304,"Census Tract 2213.04, Los Angeles, CA",17600,2761
14000US06037221401,"Census Tract 2214.01, Los Angeles, CA",19778,3292
14000US06037221402,"Census Tract 2214.02, Los Angeles, CA",20728,2503
14000US06037221500,"Census Tract 2215, Los Angeles, CA",15523,2325
14000US06037221601,"Census Tract 2216.01, Los Angeles, CA",23471,4365
14000US06037221602,"Census Tract 2216.02, Los Angeles, CA",14665,1499
14000US06037221710,"Census Tract 2217.10, Los Angeles, CA",18715,1973
14000US06037221810,"Census Tract 2218.10, Los Angeles, CA",13918,2309
14000US06037221820,"Census Tract 2218.20, Los Angeles, CA",70293,38326
14000US06037221900,"Census Tract 2219, Los Angeles, CA",11011,6085
14000US06037222001,"Census Tract 2220.01, Los Angeles, CA",27039,3457
14000US06037222002,"Census Tract 2220.02, Los Angeles, CA",19079,3758
14000US06037222100,"Census Tract 2221, Los Angeles, CA",20789,2902
14000US06037222200,"Census Tract 2222, Los Angeles, CA",22335,6204
14000US06037222500,"Census Tract 2225, Los Angeles, CA",19153,3676
14000US06037222600,"Census Tract 2226, Los Angeles, CA",15590,2369
14000US06037222700,"Census Tract 2227, Los Angeles, CA",7826,6202
14000US06037224010,"Census Tract 2240.10, Los Angeles, CA",28502,7550
14000US06037224020,"Census Tract 2240.20, Los Angeles, CA",16846,3259
14000US06037224200,"Census Tract 2242, Los Angeles, CA",13886,2080
14000US06037224310,"Census Tract 2243.10, Los Angeles, CA",13552,2292
14000US06037224320,"Census Tract 2243.20, Los Angeles, CA",15566,2114
14000US06037224410,"Census Tract 2244.10, Los Angeles, CA",15753,3365
14000US06037224420,"Census Tract 2244.20, Los Angeles, CA",13620,2074
14000US06037224600,"Census Tract 2246, Los Angeles, CA",13192,1303
14000US06037224700,"Census Tract 2247, Los Angeles, CA",8238,1222
14000US06037226001,"Census Tract 2260.01, Los Angeles, CA",12689,4485
14000US06037226002,"Census Tract 2260.02, Los Angeles, CA",36569,4261
14000US06037226410,"Census Tract 2264.10, Los Angeles, CA",11470,1003
14000US06037226420,"Census Tract 2264.20, Los Angeles, CA",13622,1464
14000US06037226700,"Census Tract 2267, Los Angeles, CA",12608,1788
14000US06037227010,"Census Tract 2270.10, Los Angeles, CA",11218,1473
14000US06037227020,"Census Tract 2270.20, Los Angeles, CA",14174,1884
14000US06037228100,"Census Tract 2281, Los Angeles, CA",11902,1635
14000US06037228210,"Census Tract 2282.10, Los Angeles, CA",11890,1476
14000US06037228220,"Census Tract 2282.20, Los Angeles, CA",12414,1474
14000US06037228310,"Census Tract 2283.10, Los Angeles, CA",14830,1563
14000US06037228320,"Census Tract 2283.20, Los Angeles, CA",12820,1759
14000US06037228410,"Census Tract 2284.10, Los Angeles, CA",12640,1906
14000US06037228420,"Census Tract 2284.20, Los Angeles, CA",12716,2809
14000US06037228500,"Census Tract 2285, Los Angeles, CA",16788,4685
14000US06037228600,"Census Tract 2286, Los Angeles, CA",14038,2272
14000US06037228710,"Census Tract 2287.10, Los Angeles, CA",11634,1654
14000US06037228720,"Census Tract 2287.20, Los Angeles, CA",12829,2027
14000US06037228800,"Census Tract 2288, Los Angeles, CA",12846,1702
14000US06037228900,"Census Tract 2289, Los Angeles, CA",9598,1749
14000US06037229100,"Census Tract 2291, Los Angeles, CA",12622,1106
14000US06037229200,"Census Tract 2292, Los Angeles, CA",14392,1708
14000US06037229300,"Census Tract 2293, Los Angeles, CA",12590,1708
14000US06037229410,"Census Tract 2294.10, Los Angeles, CA",13204,3291
14000US06037229420,"Census Tract 2294.20, Los Angeles, CA",12885,1206
14000US06037231100,"Census Tract 2311, Los Angeles, CA",11712,2932
14000US06037231210,"Census Tract 2312.10, Los Angeles, CA",13223,2485
14000US06037231220,"Census Tract 2312.20, Los Angeles, CA",14559,4366
14000US06037231300,"Census Tract 2313, Los Angeles, CA",21718,6106
14000US06037231400,"Census Tract 2314, Los Angeles, CA",21168,2320
14000US06037231500,"Census Tract 2315, Los Angeles, CA",27403,5844
14000US06037231600,"Census Tract 2316, Los Angeles, CA",17446,2080
14000US06037231710,"Census Tract 2317.10, Los Angeles, CA",10801,1921
14000US06037231720,"Census Tract 2317.20, Los Angeles, CA",16931,2317
14000US06037231800,"Census Tract 2318, Los Angeles, CA",12748,1694
14000US06037231900,"Census Tract 2319, Los Angeles, CA",13205,1817
14000US06037232110,"Census Tract 2321.10, Los Angeles, CA",13388,1530
14000US06037232120,"Census Tract 2321.20, Los Angeles, CA",12725,1428
14000US06037232200,"Census Tract 2322, Los Angeles, CA",17239,2098
14000US06037232300,"Census Tract 2323, Los Angeles, CA",16051,3067
14000US06037232400,"Census Tract 2324, Los Angeles, CA",19721,2520
14000US06037232500,"Census Tract 2325, Los Angeles, CA",21683,4244
14000US06037232600,"Census Tract 2326, Los Angeles, CA",18211,3639
14000US06037232700,"Census Tract 2327, Los Angeles, CA",15454,2034
14000US06037232800,"Census Tract 2328, Los Angeles, CA",13176,1738
14000US06037234000,"Census Tract 2340, Los Angeles, CA",30618,4274
14000US06037234200,"Census Tract 2342, Los Angeles, CA",53856,14392
14000US06037234300,"Census Tract 2343, Los Angeles, CA",35671,5196
14000US06037234501,"Census Tract 2345.01, Los Angeles, CA",26712,4633
14000US06037234502,"Census Tract 2345.02, Los Angeles, CA",22063,3650
14000US06037234600,"Census Tract 2346, Los Angeles, CA",28605,4708
14000US06037234700,"Census Tract 2347, Los Angeles, CA",23294,4003
14000US06037234800,"Census Tract 2348, Los Angeles, CA",26334,3330
14000US06037234901,"Census Tract 2349.01, Los Angeles, CA",14003,3934
14000US06037234902,"Census Tract 2349.02, Los Angeles, CA",18987,4420
14000US06037235100,"Census Tract 2351, Los Angeles, CA",40535,5077
14000US06037235201,"Census Tract 2352.01, Los Angeles, CA",24417,2844
14000US06037235202,"Census Tract 2352.02, Los Angeles, CA",28086,8883
14000US06037236000,"Census Tract 2360, Los Angeles, CA",59243,10674
14000US06037236100,"Census Tract 2361, Los Angeles, CA",23584,3438
14000US06037236202,"Census Tract 2362.02, Los Angeles, CA",17996,3197
14000US06037236203,"Census Tract 2362.03, Los Angeles, CA",17715,3277
14000US06037236204,"Census Tract 2362.04, Los Angeles, CA",20833,8343
14000US06037236400,"Census Tract 2364, Los Angeles, CA",50294,6694
14000US06037237101,"Census Tract 2371.01, Los Angeles, CA",14427,2264
14000US06037237102,"Census Tract 2371.02, Los Angeles, CA",13769,1956
14000US06037237201,"Census Tract 2372.01, Los Angeles, CA",17333,2680
14000US06037237202,"Census Tract 2372.02, Los Angeles, CA",18014,2383
14000US06037237300,"Census Tract 2373, Los Angeles, CA",22442,2812
14000US06037237401,"Census Tract 2374.01, Los Angeles, CA",15864,2430
14000US06037237402,"Census Tract 2374.02, Los Angeles, CA",24280,4270
14000US06037237500,"Census Tract 2375, Los Angeles, CA",13281,1618
14000US06037237600,"Census Tract 2376, Los Angeles, CA",13480,1827
14000US06037237710,"Census Tract 2377.10, Los Angeles, CA",13400,2245
14000US06037237720,"Census Tract 2377.20, Los Angeles, CA",11805,1924
14000US06037237800,"Census Tract 2378, Los Angeles, CA",32839,10167
14000US06037237900,"Census Tract 2379, Los Angeles, CA",21803,2851
14000US06037238000,"Census Tract 2380, Los Angeles, CA",32069,8150
14000US06037238100,"Census Tract 2381, Los Angeles, CA",25087,4083
14000US06037238200,"Census Tract 2382, Los Angeles, CA",26701,5684
14000US06037238310,"Census Tract 2383.10, Los Angeles, CA",12644,1783
14000US06037238320,"Census Tract 2383.20, Los Angeles, CA",14174,2318
14000US06037238400,"Census Tract 2384, Los Angeles, CA",28571,3826
14000US06037239201,"Census Tract 2392.01, Los Angeles, CA",14064,1682
14000US06037239202,"Census Tract 2392.02, Los Angeles, CA",13239,1854
14000US06037239310,"Census Tract 2393.10, Los Angeles, CA",11332,1390
14000US06037239320,"Census Tract 2393.20, Los Angeles, CA",12633,1424
14000US06037239330,"Census Tract 2393.30, Los Angeles, CA",13732,2174
14000US06037239501,"Census Tract 2395.01, Los Angeles, CA",14179,1826
14000US06037239502,"Census Tract 2395.02, Los Angeles, CA",13193,1643
14000US06037239601,"Census Tract 2396.01, Los Angeles, CA",13622,1679
14000US06037239602,"Census Tract 2396.02, Los Angeles, CA",11420,1559
14000US06037239701,"Census Tract 2397.01, Los Angeles, CA",12317,2410
14000US06037239702,"Census Tract 2397.02, Los Angeles, CA",12170,1489
14000US06037239801,"Census Tract 2398.01, Los Angeles, CA",15308,2128
14000US06037239802,"Census Tract 2398.02, Los Angeles, CA",14833,2053
14000US06037240010,"Census Tract 2400.10, Los Angeles, CA",12127,1729
14000US06037240020,"Census Tract 2400.20, Los Angeles, CA",13859,1975
14000US06037240200,"Census Tract 2402, Los Angeles, CA",13331,1596
14000US06037240300,"Census Tract 2403, Los Angeles, CA",13839,2616
14000US06037240401,"Census Tract 2404.01, Los Angeles, CA",13792,1724
14000US06037240402,"Census Tract 2404.02, Los Angeles, CA",18410,2967
14000US06037240500,"Census Tract 2405, Los Angeles, CA",15031,3111
14000US06037240600,"Census Tract 2406, Los Angeles, CA",12887,1545
14000US06037240700,"Census Tract 2407, Los Angeles, CA",17266,1976
14000US06037240800,"Census Tract 2408, Los Angeles, CA",15227,1794
14000US06037240900,"Census Tract 2409, Los Angeles, CA",16004,4429
14000US06037241001,"Census Tract 2410.01, Los Angeles, CA",15756,2500
14000US06037241002,"Census Tract 2410.02, Los Angeles, CA",16435,2353
14000US06037241110,"Census Tract 2411.10, Los Angeles, CA",13915,1530
14000US06037241120,"Census Tract 2411.20, Los Angeles, CA",14762,2424
14000US06037241201,"Census Tract 2412.01, Los Angeles, CA",18778,2240
14000US06037241202,"Census Tract 2412.02, Los Angeles, CA",17500,3726
14000US06037241300,"Census Tract 2413, Los Angeles, CA",17765,2161
14000US06037241400,"Census Tract 2414, Los Angeles, CA",13868,1819
14000US06037242000,"Census Tract 2420, Los Angeles, CA",12883,1601
14000US06037242100,"Census Tract 2421, Los Angeles, CA",8213,2937
14000US06037242200,"Census Tract 2422, Los Angeles, CA",10237,1298
14000US06037242300,"Census Tract 2423, Los Angeles, CA",11347,2862
14000US06037242600,"Census Tract 2426, Los Angeles, CA",8079,1419
14000US06037242700,"Census Tract 2427, Los Angeles, CA",13766,1774
14000US06037243000,"Census Tract 2430, Los Angeles, CA",12961,1299
14000US06037243100,"Census Tract 2431, Los Angeles, CA",9546,1012
14000US06037261101,"Census Tract 2611.01, Los Angeles, CA",121396,18472
14000US06037261102,"Census Tract 2611.02, Los Angeles, CA",119511,21380
14000US06037261200,"Census Tract 2612, Los Angeles, CA",118379,24592
14000US06037262100,"Census Tract 2621, Los Angeles, CA",157392,36180
14000US06037262200,"Census Tract 2622, Los Angeles, CA",113052,16406
14000US06037262301,"Census Tract 2623.01, Los Angeles, CA",112473,19270
14000US06037262302,"Census Tract 2623.02, Los Angeles, CA",126682,20963
14000US06037262303,"Census Tract 2623.03, Los Angeles, CA",145640,18919
14000US06037262400,"Census Tract 2624, Los Angeles, CA",154212,25763
14000US06037262501,"Census Tract 2625.01, Los Angeles, CA",120937,14660
14000US06037262601,"Census Tract 2626.01, Los Angeles, CA",136630,17567
14000US06037262604,"Census Tract 2626.04, Los Angeles, CA",129807,18503
14000US06037262704,"Census Tract 2627.04, Los Angeles, CA",101170,16453
14000US06037262706,"Census Tract 2627.06, Los Angeles, CA",140246,23100
14000US06037262802,"Census Tract 2628.02, Los Angeles, CA",152977,24292
14000US06037264000,"Census Tract 2640, Los Angeles, CA",142625,24758
14000US06037264102,"Census Tract 2641.02, Los Angeles, CA",81893,10169
14000US06037264103,"Census Tract 2641.03, Los Angeles, CA",73967,10090
14000US06037264301,"Census Tract 2643.01, Los Angeles, CA",75633,9305
14000US06037264302,"Census Tract 2643.02, Los Angeles, CA",84763,15541
14000US06037265100,"Census Tract 2651, Los Angeles, CA",126432,25177
14000US06037265201,"Census Tract 2652.01, Los Angeles, CA",80744,23275
14000US06037265202,"Census Tract 2652.02, Los Angeles, CA",74408,22937
14000US06037265301,"Census Tract 2653.01, Los Angeles, CA",10466,969
14000US06037265303,"Census Tract 2653.03, Los Angeles, CA",16955,3796
14000US06037265304,"Census Tract 2653.04, Los Angeles, CA",12772,2955
14000US06037265305,"Census Tract 2653.05, Los Angeles, CA",18620,3554
14000US06037265410,"Census Tract 2654.10, Los Angeles, CA",78575,12175
14000US06037265420,"Census Tract 2654.20, Los Angeles, CA",144799,24427
14000US06037265510,"Census Tract 2655.10, Los Angeles, CA",44122,10273
14000US06037265520,"Census Tract 2655.20, Los Angeles, CA",59719,9028
14000US06037265601,"Census Tract 2656.01, Los Angeles, CA",65783,15258
14000US06037265602,"Census Tract 2656.02, Los Angeles, CA",99196,28539
14000US06037265700,"Census Tract 2657, Los Angeles, CA",77464,15014
14000US06037267100,"Census Tract 2671, Los Angeles, CA",77440,16002
14000US06037267200,"Census Tract 2672, Los Angeles, CA",52985,8576
14000US06037267300,"Census Tract 2673, Los Angeles, CA",44462,7809
14000US06037267402,"Census Tract 2674.02, Los Angeles, CA",62345,7032
14000US06037267403,"Census Tract 2674.03, Los Angeles, CA",54644,7058
14000US06037267404,"Census Tract 2674.04, Los Angeles, CA",54933,7728
14000US06037267501,"Census Tract 2675.01, Los Angeles, CA",51616,8268
14000US06037267502,"Census Tract 2675.02, Los Angeles, CA",50851,7444
14000US06037267600,"Census Tract 2676, Los Angeles, CA",47775,11353
14000US06037267700,"Census Tract 2677, Los Angeles, CA",61745,6364
14000US06037267800,"Census Tract 2678, Los Angeles, CA",66058,10185
14000US06037267901,"Census Tract 2679.01, Los Angeles, CA",129379,31434
14000US06037267902,"Census Tract 2679.02, Los Angeles, CA",89150,12680
14000US06037269000,"Census Tract 2690, Los Angeles, CA",96237,15867
14000US06037269100,"Census Tract 2691, Los Angeles, CA",60326,8441
14000US06037269300,"Census Tract 2693, Los Angeles, CA",92285,10894
14000US06037269500,"Census Tract 2695, Los Angeles, CA",101040,14484
14000US06037269601,"Census Tract 2696.01, Los Angeles, CA",24031,3277
14000US06037269602,"Census Tract 2696.02, Los Angeles, CA",34377,6055
14000US06037269700,"Census Tract 2697, Los Angeles, CA",61923,9313
14000US06037269800,"Census Tract 2698, Los Angeles, CA",54191,6718
14000US06037269903,"Census Tract 2699.03, Los Angeles, CA",42997,5421
14000US06037269904,"Census Tract 2699.04, Los Angeles, CA",45136,6014
14000US06037269905,"Census Tract 2699.05, Los Angeles, CA",50160,4792
14000US06037269906,"Census Tract 2699.06, Los Angeles, CA",52640,5723
14000US06037269907,"Census Tract 2699.07, Los Angeles, CA",49341,4681
14000US06037270100,"Census Tract 2701, Los Angeles, CA",48954,7902
14000US06037270200,"Census Tract 2702, Los Angeles, CA",40392,6841
14000US06037270300,"Census Tract 2703, Los Angeles, CA",43324,5446
14000US06037271100,"Census Tract 2711, Los Angeles, CA",64000,11706
14000US06037271200,"Census Tract 2712, Los Angeles, CA",41464,7332
14000US06037271300,"Census Tract 2713, Los Angeles, CA",70113,8868
14000US06037271400,"Census Tract 2714, Los Angeles, CA",64702,10551
14000US06037271500,"Census Tract 2715, Los Angeles, CA",63288,9969
14000US06037271600,"Census Tract 2716, Los Angeles, CA",49150,7428
14000US06037271701,"Census Tract 2717.01, Los Angeles, CA",50409,5211
14000US06037271702,"Census Tract 2717.02, Los Angeles, CA",42040,5014
14000US06037271801,"Census Tract 2718.01, Los Angeles, CA",44649,7393
14000US06037271802,"Census Tract 2718.02, Los Angeles, CA",45515,5629
14000US06037271901,"Census Tract 2719.01, Los Angeles, CA",57917,9545
14000US06037271902,"Census Tract 2719.02, Los Angeles, CA",52530,7763
14000US06037272100,"Census Tract 2721, Los Angeles, CA",55012,6138
14000US06037272201,"Census Tract 2722.01, Los Angeles, CA",33693,4554
14000US06037272202,"Census Tract 2722.02, Los Angeles, CA",50632,16549
14000US06037272301,"Census Tract 2723.01, Los Angeles, CA",46411,5182
14000US06037272302,"Census Tract 2723.02, Los Angeles, CA",37759,5593
14000US06037273100,"Census Tract 2731, Los Angeles, CA",77945,8667
14000US06037273200,"Census Tract 2732, Los Angeles, CA",70980,9901
14000US06037273300,"Census Tract 2733, Los Angeles, CA",63333,15280
14000US06037273402,"Census Tract 2734.02, Los Angeles, CA",127107,41093
14000US06037273502,"Census Tract 2735.02, Los Angeles, CA",70143,10064
14000US06037273600,"Census Tract 2736, Los Angeles, CA",82905,13790
14000US06037273700,"Census Tract 2737, Los Angeles, CA",67377,9023
14000US06037273800,"Census Tract 2738, Los Angeles, CA",65509,7303
14000US06037273902,"Census Tract 2739.02, Los Angeles, CA",102938,15264
14000US06037274100,"Census Tract 2741, Los Angeles, CA",80308,18674
14000US06037274202,"Census Tract 2742.02, Los Angeles, CA",105776,22465
14000US06037275101,"Census Tract 2751.01, Los Angeles, CA",44233,6358
14000US06037275102,"Census Tract 2751.02, Los Angeles, CA",26306,4243
14000US06037275200,"Census Tract 2752, Los Angeles, CA",43563,6743
14000US06037275302,"Census Tract 2753.02, Los Angeles, CA",61978,7674
14000US06037275311,"Census Tract 2753.11, Los Angeles, CA",46515,6165
14000US06037275400,"Census Tract 2754, Los Angeles, CA",84409,8823
14000US06037275500,"Census Tract 2755, Los Angeles, CA",25384,3795
14000US06037275602,"Census Tract 2756.02, Los Angeles, CA",91005,9990
14000US06037275603,"Census Tract 2756.03, Los Angeles, CA",54477,8211
14000US06037276000,"Census Tract 2760, Los Angeles, CA",70910,6580
14000US06037276100,"Census Tract 2761, Los Angeles, CA",45966,5466
14000US06037276400,"Census Tract 2764, Los Angeles, CA",71906,9112
14000US06037276500,"Census Tract 2765, Los Angeles, CA",24151,3375
14000US06037276601,"Census Tract 2766.01, Los Angeles, CA",82116,13346
14000US06037276603,"Census Tract 2766.03, Los Angeles, CA",63890,7983
14000US06037276604,"Census Tract 2766.04, Los Angeles, CA",55738,8156
14000US06037277000,"Census Tract 2770, Los Angeles, CA",83023,14673
14000US06037277100,"Census Tract 2771, Los Angeles, CA",53370,7697
14000US06037277200,"Census Tract 2772, Los Angeles, CA",34238,4311
14000US06037277400,"Census Tract 2774, Los Angeles, CA",19863,3951
14000US06037278001,"Census Tract 2780.01, Los Angeles, CA",47939,5160
14000US06037278102,"Census Tract 2781.02, Los Angeles, CA",117999,20928
14000US06037291110,"Census Tract 2911.10, Los Angeles, CA",20907,3987
14000US06037291120,"Census Tract 2911.20, Los Angeles, CA",19656,2560
14000US06037291130,"Census Tract 2911.30, Los Angeles, CA",22392,2452
14000US06037291210,"Census Tract 2912.10, Los Angeles, CA",22675,3186
14000US06037291220,"Census Tract 2912.20, Los Angeles, CA",26179,7198
14000US06037291300,"Census Tract 2913, Los Angeles, CA",36330,3711
14000US06037292000,"Census Tract 2920, Los Angeles, CA",18945,2610
14000US06037293201,"Census Tract 2932.01, Los Angeles, CA",25699,2831
14000US06037293202,"Census Tract 2932.02, Los Angeles, CA",17051,1883
14000US06037293301,"Census Tract 2933.01, Los Angeles, CA",37583,4865
14000US06037293302,"Census Tract 2933.02, Los Angeles, CA",33148,5844
14000US06037293304,"Census Tract 2933.04, Los Angeles, CA",24748,2750
14000US06037293306,"Census Tract 2933.06, Los Angeles, CA",39061,3774
14000US06037293307,"Census Tract 2933.07, Los Angeles, CA",25398,3830
14000US06037294110,"Census Tract 2941.10, Los Angeles, CA",19667,2466
14000US06037294120,"Census Tract 2941.20, Los Angeles, CA",16179,3590
14000US06037294200,"Census Tract 2942, Los Angeles, CA",23447,2720
14000US06037294301,"Census Tract 2943.01, Los Angeles, CA",24737,2840
14000US06037294302,"Census Tract 2943.02, Los Angeles, CA",19320,2074
14000US06037294410,"Census Tract 2944.10, Los Angeles, CA",22934,4492
14000US06037294421,"Census Tract 2944.21, Los Angeles, CA",22687,3386
14000US06037294510,"Census Tract 2945.10, Los Angeles, CA",14399,2111
14000US06037294520,"Census Tract 2945.20, Los Angeles, CA",17944,1974
14000US06037294610,"Census Tract 2946.10, Los Angeles, CA",19675,3577
14000US06037294620,"Census Tract 2946.20, Los Angeles, CA",15772,2236
14000US06037294701,"Census Tract 2947.01, Los Angeles, CA",15636,2205
14000US06037294810,"Census Tract 2948.10, Los Angeles, CA",14270,1456
14000US06037294820,"Census Tract 2948.20, Los Angeles, CA",14575,2438
14000US06037294830,"Census Tract 2948.30, Los Angeles, CA",14643,1568
14000US06037294900,"Census Tract 2949, Los Angeles, CA",15491,2092
14000US06037295103,"Census Tract 2951.03, Los Angeles, CA",54654,4243
14000US06037296210,"Census Tract 2962.10, Los Angeles, CA",16645,2237
14000US06037296220,"Census Tract 2962.20, Los Angeles, CA",24111,5728
14000US06037296300,"Census Tract 2963, Los Angeles, CA",40284,4618
14000US06037296401,"Census Tract 2964.01, Los Angeles, CA",46269,6399
14000US06037296402,"Census Tract 2964.02, Los Angeles, CA",39347,3540
14000US06037296500,"Census Tract 2965, Los Angeles, CA",23022,5075
14000US06037296600,"Census Tract 2966, Los Angeles, CA",24015,5406
14000US06037296901,"Census Tract 2969.01, Los Angeles, CA",22712,3103
14000US06037296902,"Census Tract 2969.02, Los Angeles, CA",30743,4928
14000US06037297000,"Census Tract 2970, Los Angeles, CA",53969,7257
14000US06037297110,"Census Tract 2971.10, Los Angeles, CA",20759,3201
14000US06037297120,"Census Tract 2971.20, Los Angeles, CA",26693,3857
14000US06037297201,"Census Tract 2972.01, Los Angeles, CA",24112,3674
14000US06037297202,"Census Tract 2972.02, Los Angeles, CA",37121,6038
14000US06037297300,"Census Tract 2973, Los Angeles, CA",44790,8328
14000US06037297400,"Census Tract 2974, Los Angeles, CA",54972,8050
14000US06037297500,"Census Tract 2975, Los Angeles, CA",64023,11567
14000US06037297601,"Census Tract 2976.01, Los Angeles, CA",32186,6145
14000US06037297602,"Census Tract 2976.02, Los Angeles, CA",42294,5716
14000US06037701100,"Census Tract 7011, Los Angeles, CA",12975,2352
14000US06037930200,"Census Tract 9302, Los Angeles, CA",38124,13643
14000US06037980008,"Census Tract 9800.08, Los Angeles, CA",,
14000US06037980009,"Census Tract 9800.09, Los Angeles, CA",25340,25275
14000US06037980010,"Census Tract 9800.10, Los Angeles, CA",30362,16873
14000US06037980014,"Census Tract 9800.14, Los Angeles, CA",,
14000US06037980015,"Census Tract 9800.15, Los Angeles, CA",39239,8388
14000US06037980019,"Census Tract 9800.19, Los Angeles, CA",107146,34163
14000US06037980020,"Census Tract 9800.20, Los Angeles, CA",,
14000US06037980021,"Census Tract 9800.21, Los Angeles, CA",28094,11430
14000US06037980022,"Census Tract 9800.22, Los Angeles, CA",,
14000US06037980023,"Census Tract 9800.23, Los Angeles, CA",,
14000US06037980024,"Census Tract 9800.24, Los Angeles, CA",55621,13470
14000US06037980026,"Census Tract 9800.26, Los Angeles, CA",14642,17593
14000US06037980028,"Census Tract 9800.28, Los Angeles, CA",,
14000US06037980031,"Census Tract 9800.31, Los Angeles, CA",9255,6115
14000US06037990200,"Census Tract 9902, Los Angeles, CA",,
16000US0644000,"Los Angeles, CA",35261,271
